State,Year,Quarter,District,Code,Transactions,Amount (INR),ATV (INR),Registered Users,App Opens
Andaman & Nicobar Islands,2018,1,Nicobars,AN01,528,"11,39,849","2,159",262,0
Andaman & Nicobar Islands,2018,1,North And Middle Andaman,AN02,442,"9,31,663","2,108",632,0
Andaman & Nicobar Islands,2018,1,South Andaman,AN03,"5,688","1,25,60,249","2,208","5,846",0
Andhra Pradesh,2018,1,Anantapur,AP01,"6,38,664","78,88,30,646","1,235","2,41,192",0
Andhra Pradesh,2018,1,Chittoor,AP02,"8,30,324","1,00,96,21,878","1,216","3,09,541",0
Andhra Pradesh,2018,1,East Godavari,AP03,"9,43,935","1,23,57,85,516","1,309","3,50,356",0
Andhra Pradesh,2018,1,Guntur,AP04,"8,15,932","1,10,86,86,589","1,359","3,17,065",0
Andhra Pradesh,2018,1,Krishna,AP05,"8,63,935","1,28,42,55,180","1,487","3,23,673",0
Andhra Pradesh,2018,1,Kurnool,AP06,"6,79,623","76,49,05,299","1,125","2,40,133",0
Andhra Pradesh,2018,1,Prakasam,AP07,"5,34,757","74,89,90,776","1,401","1,89,949",0
Andhra Pradesh,2018,1,Spsr Nellore,AP08,"5,31,612","67,66,43,238","1,273","1,94,475",0
Andhra Pradesh,2018,1,Srikakulam,AP09,"4,58,921","58,77,78,029","1,281","1,43,839",0
Andhra Pradesh,2018,1,Visakhapatnam,AP10,"12,56,469","1,74,99,66,197","1,393","4,97,187",0
Andhra Pradesh,2018,1,Vizianagaram,AP11,"4,20,990","50,57,83,446","1,201","1,28,905",0
Andhra Pradesh,2018,1,West Godavari,AP12,"5,77,090","85,35,47,669","1,479","2,13,335",0
Andhra Pradesh,2018,1,Ysr,AP13,"4,87,333","68,14,81,931","1,398","1,86,800",0
Arunachal Pradesh,2018,1,Anjaw,AR01,0,0,#DIV/0!,278,0
Arunachal Pradesh,2018,1,Changlang,AR02,"3,195","53,80,749","1,684","1,208",0
Arunachal Pradesh,2018,1,Dibang Valley,AR21,2,170,85,66,0
Arunachal Pradesh,2018,1,East Kameng,AR03,529,"4,73,825",896,222,0
Arunachal Pradesh,2018,1,East Siang,AR04,"3,286","55,33,620","1,684","1,803",0
Arunachal Pradesh,2018,1,Kamle,AR05,14,"7,971",569,22,0
Arunachal Pradesh,2018,1,Kra Daadi,AR06,207,"4,95,375","2,393",88,0
Arunachal Pradesh,2018,1,Kurung Kumey,AR07,84,"99,417","1,184",97,0
Arunachal Pradesh,2018,1,Lepa Rada,AR08,288,"4,03,149","1,400",210,0
Arunachal Pradesh,2018,1,Lohit,AR09,"3,747","1,14,96,950","3,068","1,207",0
Arunachal Pradesh,2018,1,Longding,AR10,"2,321","43,61,532","1,879",256,0
Arunachal Pradesh,2018,1,Lower Dibang Valley,AR11,"1,356","10,76,237",794,601,0
Arunachal Pradesh,2018,1,Lower Siang,AR12,"1,292","23,37,961","1,810",270,0
Arunachal Pradesh,2018,1,Lower Subansiri,AR13,"1,477","36,50,728","2,472",498,0
Arunachal Pradesh,2018,1,Namsai,AR14,"1,400","21,62,985","1,545",737,0
Arunachal Pradesh,2018,1,Pakke Kessang,AR15,9,"9,131","1,015",39,0
Arunachal Pradesh,2018,1,Papum Pare,AR16,"14,224","3,25,55,848","2,289","7,649",0
Arunachal Pradesh,2018,1,Shi Yomi,AR17,0,0,#DIV/0!,49,0
Arunachal Pradesh,2018,1,Siang,AR18,252,"3,39,472","1,347",192,0
Arunachal Pradesh,2018,1,Tawang,AR19,"2,334","50,55,665","2,166","1,525",0
Arunachal Pradesh,2018,1,Tirap,AR20,945,"10,64,265","1,126",557,0
Arunachal Pradesh,2018,1,Upper Siang,AR22,126,"1,86,611","1,481",301,0
Arunachal Pradesh,2018,1,Upper Subansiri,AR23,735,"13,58,368","1,848",572,0
Arunachal Pradesh,2018,1,West Kameng,AR24,"5,787","95,40,633","1,649","2,202",0
Arunachal Pradesh,2018,1,West Siang,AR25,"1,887","47,96,676","2,542",846,0
Assam,2018,1,Baksa,AS02,"20,964","2,24,57,850","1,071","6,082",0
Assam,2018,1,Barpeta,AS03,"67,801","5,63,52,302",831,"20,485",0
Assam,2018,1,Biswanath,AS04,"16,453","1,29,83,623",789,"5,164",0
Assam,2018,1,Bongaigaon,AS05,"18,899","2,15,10,945","1,138","9,724",0
Assam,2018,1,Cachar,AS06,"56,481","5,72,50,291","1,014","19,567",0
Assam,2018,1,Charaideo,AS07,"13,094","1,08,73,517",830,"4,366",0
Assam,2018,1,Chirang,AS08,"8,445","1,16,65,547","1,381","3,487",0
Assam,2018,1,Darrang,AS09,"28,031","2,15,93,879",770,"8,050",0
Assam,2018,1,Dhemaji,AS10,"16,037","1,70,04,987","1,060","6,623",0
Assam,2018,1,Dhubri,AS11,"26,072","2,44,31,278",937,"11,421",0
Assam,2018,1,Dibrugarh,AS12,"44,792","5,32,58,766","1,189","21,182",0
Assam,2018,1,Dima Hasao,AS13,"4,233","47,81,136","1,129","2,245",0
Assam,2018,1,Goalpara,AS14,"27,132","2,53,31,841",934,"10,420",0
Assam,2018,1,Golaghat,AS15,"22,089","1,90,58,582",863,"10,102",0
Assam,2018,1,Hailakandi,AS16,"15,865","1,10,65,156",697,"5,700",0
Assam,2018,1,Hojai,AS17,"16,917","1,58,49,611",937,"7,571",0
Assam,2018,1,Jorhat,AS18,"33,322","4,11,64,542","1,235","16,442",0
Assam,2018,1,Kamrup,AS19,"47,859","4,18,68,129",875,"15,241",0
Assam,2018,1,Kamrup Metropolitan,AS20,"1,94,617","28,47,66,219","1,463","87,336",0
Assam,2018,1,Karbi Anglong,AS21,"15,032","1,48,75,159",990,"5,694",0
Assam,2018,1,Karimganj,AS22,"17,261","1,78,42,354","1,034","7,367",0
Assam,2018,1,Kokrajhar,AS23,"16,397","1,79,35,305","1,094","6,566",0
Assam,2018,1,Lakhimpur,AS24,"24,946","1,77,98,095",713,"8,143",0
Assam,2018,1,Majuli,AS25,"2,598","13,26,721",511,"1,274",0
Assam,2018,1,Marigaon,AS26,"79,832","10,50,67,294","1,316","7,193",0
Assam,2018,1,Nagaon,AS27,"66,695","5,63,52,631",845,"19,619",0
Assam,2018,1,Nalbari,AS28,"16,878","1,23,93,871",734,"6,874",0
Assam,2018,1,Sivasagar,AS29,"16,898","1,76,11,864","1,042","8,292",0
Assam,2018,1,Sonitpur,AS30,"51,976","7,30,05,566","1,405","18,986",0
Assam,2018,1,South Salmara Mancachar,AS31,"8,415","94,04,472","1,118","2,420",0
Assam,2018,1,Tinsukia,AS32,"41,237","4,58,86,201","1,113","15,998",0
Assam,2018,1,Udalguri,AS33,"18,168","1,44,65,757",796,"4,768",0
Assam,2018,1,West Karbi Anglong,AS34,"1,445","5,70,967",395,835,0
Bihar,2018,1,Araria,BR01,"81,597","9,51,84,068","1,167","30,576",0
Bihar,2018,1,Arwal,BR02,"31,620","2,75,49,102",871,"11,087",0
Bihar,2018,1,Aurangabad,BR03,"1,14,354","11,47,37,538","1,003","42,349",0
Bihar,2018,1,Banka,BR04,"39,192","3,26,23,796",832,"19,504",0
Bihar,2018,1,Begusarai,BR05,"1,34,911","13,02,65,730",966,"57,409",0
Bihar,2018,1,Bhagalpur,BR06,"1,74,456","17,29,05,796",991,"76,063",0
Bihar,2018,1,Bhojpur,BR07,"1,15,890","11,79,85,837","1,018","50,363",0
Bihar,2018,1,Buxar,BR08,"61,490","5,69,87,162",927,"27,689",0
Bihar,2018,1,Darbhanga,BR09,"2,17,364","22,46,28,302","1,033","74,414",0
Bihar,2018,1,Gaya,BR11,"2,31,873","22,74,70,166",981,"91,015",0
Bihar,2018,1,Gopalganj,BR12,"1,07,134","14,10,70,591","1,317","41,306",0
Bihar,2018,1,Jamui,BR13,"48,226","4,45,65,633",924,"23,266",0
Bihar,2018,1,Jehanabad,BR14,"52,401","4,72,74,895",902,"20,394",0
Bihar,2018,1,Kaimur Bhabua,BR15,"64,493","7,01,10,159","1,087","22,464",0
Bihar,2018,1,Katihar,BR16,"1,38,075","12,97,01,646",939,"44,233",0
Bihar,2018,1,Khagaria,BR17,"65,892","7,19,55,895","1,092","25,026",0
Bihar,2018,1,Kishanganj,BR18,"38,179","4,58,80,790","1,202","16,507",0
Bihar,2018,1,Lakhisarai,BR19,"42,937","4,36,11,675","1,016","18,119",0
Bihar,2018,1,Madhepura,BR20,"79,822","8,50,73,946","1,066","26,881",0
Bihar,2018,1,Madhubani,BR21,"1,73,946","20,30,80,851","1,167","66,664",0
Bihar,2018,1,Munger,BR22,"64,639","6,44,55,596",997,"32,219",0
Bihar,2018,1,Muzaffarpur,BR23,"3,88,401","39,47,17,113","1,016","1,25,298",0
Bihar,2018,1,Nalanda,BR24,"2,08,901","19,06,13,486",912,"75,201",0
Bihar,2018,1,Nawada,BR25,"78,480","8,11,61,592","1,034","32,228",0
Bihar,2018,1,Pashchim Champaran,BR38,"2,15,866","23,61,90,497","1,094","67,656",0
Bihar,2018,1,Patna,BR26,"11,97,281","1,28,24,92,051","1,071","4,25,009",0
Bihar,2018,1,Purbi Champaran,BR10,"2,54,643","26,41,92,918","1,038","87,561",0
Bihar,2018,1,Purnia,BR27,"1,32,262","13,99,47,209","1,058","51,858",0
Bihar,2018,1,Rohtas,BR28,"2,01,231","18,13,78,995",901,"64,983",0
Bihar,2018,1,Saharsa,BR29,"88,087","8,20,38,820",931,"32,380",0
Bihar,2018,1,Samastipur,BR30,"2,22,241","21,36,34,125",961,"76,068",0
Bihar,2018,1,Saran,BR31,"1,49,786","17,18,39,807","1,147","63,245",0
Bihar,2018,1,Sheikhpura,BR32,"20,728","2,36,30,132","1,140","10,567",0
Bihar,2018,1,Sheohar,BR33,"25,700","2,21,83,883",863,"7,645",0
Bihar,2018,1,Sitamarhi,BR34,"1,45,625","16,22,81,680","1,114","47,288",0
Bihar,2018,1,Siwan,BR35,"1,29,094","16,92,28,976","1,311","52,000",0
Bihar,2018,1,Supaul,BR36,"85,807","7,13,13,091",831,"29,348",0
Bihar,2018,1,Vaishali,BR37,"2,01,678","21,17,94,626","1,050","67,921",0
Chandigarh,2018,1,Chandigarh,CH01,"3,81,895","61,34,35,421","1,606","86,268",0
Chhattisgarh,2018,1,Balod,CG01,"36,121","3,35,48,673",929,"13,500",0
Chhattisgarh,2018,1,Baloda Bazar,CG02,"61,987","5,54,55,252",895,"21,747",0
Chhattisgarh,2018,1,Balrampur,CG03,"29,546","4,17,93,646","1,415","9,313",0
Chhattisgarh,2018,1,Bastar,CG04,"38,895","5,03,65,513","1,295","13,889",0
Chhattisgarh,2018,1,Bemetara,CG05,"41,406","4,03,26,244",974,"12,283",0
Chhattisgarh,2018,1,Bijapur,CG06,"5,863","1,04,78,593","1,787","3,606",0
Chhattisgarh,2018,1,Bilaspur,CG07,"1,58,509","16,98,65,046","1,072","68,704",0
Chhattisgarh,2018,1,Dantewada,CG08,"8,452","1,29,99,923","1,538","4,894",0
Chhattisgarh,2018,1,Dhamtari,CG09,"40,907","3,69,69,407",904,"15,571",0
Chhattisgarh,2018,1,Durg,CG10,"2,26,774","27,44,35,200","1,210","91,516",0
Chhattisgarh,2018,1,Gariyaband,CG11,"40,648","3,86,84,590",952,"8,679",0
Chhattisgarh,2018,1,Janjgir Champa,CG13,"2,19,761","22,39,84,260","1,019","42,297",0
Chhattisgarh,2018,1,Jashpur,CG14,"41,174","3,90,68,620",949,"12,420",0
Chhattisgarh,2018,1,Kabirdham,CG15,"32,615","2,26,61,025",695,"10,892",0
Chhattisgarh,2018,1,Kanker,CG16,"29,788","2,83,73,231",953,"10,256",0
Chhattisgarh,2018,1,Kondagaon,CG17,"22,249","2,52,83,402","1,136","5,625",0
Chhattisgarh,2018,1,Korba,CG18,"93,345","9,93,66,683","1,065","39,075",0
Chhattisgarh,2018,1,Korea,CG19,"39,025","4,40,08,433","1,128","15,517",0
Chhattisgarh,2018,1,Mahasamund,CG20,"64,238","6,92,01,346","1,077","19,608",0
Chhattisgarh,2018,1,Mungeli,CG21,"19,819","1,58,19,138",798,"7,387",0
Chhattisgarh,2018,1,Narayanpur,CG22,"2,998","29,64,107",989,"1,768",0
Chhattisgarh,2018,1,Raigarh,CG23,"1,33,135","14,04,63,995","1,055","51,628",0
Chhattisgarh,2018,1,Raipur,CG24,"3,23,570","47,46,33,364","1,467","1,35,308",0
Chhattisgarh,2018,1,Rajnandgaon,CG25,"73,040","7,98,30,832","1,093","26,295",0
Chhattisgarh,2018,1,Sukma,CG26,"3,825","65,09,136","1,702","3,205",0
Chhattisgarh,2018,1,Surajpur,CG27,"35,573","3,42,42,977",963,"12,279",0
Chhattisgarh,2018,1,Surguja,CG28,"68,251","7,78,22,921","1,140","22,001",0
Dadra & Nagar Haveli and Daman & Diu,2018,1,Dadra And Nagar Haveli,DD01,"92,738","10,58,07,099","1,141","32,028",0
Dadra & Nagar Haveli and Daman & Diu,2018,1,Daman,DD02,"50,218","6,34,16,803","1,263","18,677",0
Dadra & Nagar Haveli and Daman & Diu,2018,1,Diu,DD03,"5,593","64,34,482","1,150","2,553",0
Delhi,2018,1,Central,DL01,"29,97,714","4,31,21,45,216","1,438","2,02,723",0
Delhi,2018,1,East,DL02,"3,57,904","59,42,48,348","1,660","1,69,295",0
Delhi,2018,1,New Delhi,DL03,"8,83,737","1,47,89,16,789","1,673","2,12,008",0
Delhi,2018,1,North,DL04,"3,61,539","57,45,80,634","1,589","1,73,622",0
Delhi,2018,1,North East,DL05,"1,80,160","26,14,68,887","1,451","95,472",0
Delhi,2018,1,North West,DL06,"3,87,431","61,42,42,861","1,585","2,23,679",0
Delhi,2018,1,Shahdara,DL07,"1,93,886","32,64,58,215","1,684","1,14,549",0
Delhi,2018,1,South,DL08,"3,34,361","59,71,43,870","1,786","1,56,706",0
Delhi,2018,1,South East Delhi,DL09,"5,62,694","92,95,43,693","1,652","2,51,213",0
Delhi,2018,1,South West,DL10,"3,18,199","55,59,00,156","1,747","1,79,197",0
Delhi,2018,1,West,DL11,"5,45,129","96,68,55,137","1,774","3,08,558",0
Goa,2018,1,North Goa,GA01,"95,114","18,71,08,292","1,967","57,769",0
Goa,2018,1,South Goa,GA02,"65,783","11,67,48,450","1,775","34,167",0
Gujarat,2018,1,Ahmadabad,GJ01,"14,36,152","2,15,31,23,692","1,499","5,72,811",0
Gujarat,2018,1,Amreli,GJ02,"66,032","7,50,32,119","1,136","31,443",0
Gujarat,2018,1,Anand,GJ03,"1,66,658","18,18,58,558","1,091","68,052",0
Gujarat,2018,1,Aravallis,GJ04,"55,016","4,13,23,328",751,"21,932",0
Gujarat,2018,1,Banas Kantha,GJ05,"2,37,457","19,78,83,270",833,"93,506",0
Gujarat,2018,1,Bharuch,GJ06,"2,10,073","24,92,46,117","1,186","1,01,575",0
Gujarat,2018,1,Bhavnagar,GJ07,"1,82,948","17,14,95,426",937,"87,683",0
Gujarat,2018,1,Botad,GJ08,"50,541","3,04,96,629",603,"23,738",0
Gujarat,2018,1,Chhotaudepur,GJ09,"12,962","1,35,97,432","1,049","6,581",0
Gujarat,2018,1,Devbhumi Dwarka,GJ12,"30,538","3,86,15,230","1,264","15,809",0
Gujarat,2018,1,Dohad,GJ10,"39,278","4,55,87,112","1,161","16,212",0
Gujarat,2018,1,Gandhinagar,GJ13,"2,37,393","31,80,02,414","1,340","1,18,201",0
Gujarat,2018,1,Gir Somnath,GJ14,"49,292","5,09,70,541","1,034","28,292",0
Gujarat,2018,1,Jamnagar,GJ15,"1,21,341","16,61,62,325","1,369","52,416",0
Gujarat,2018,1,Junagadh,GJ16,"56,897","6,99,40,293","1,229","35,171",0
Gujarat,2018,1,Kachchh,GJ18,"2,17,912","31,69,33,355","1,454","97,838",0
Gujarat,2018,1,Kheda,GJ17,"1,04,154","9,46,52,161",909,"43,776",0
Gujarat,2018,1,Mahesana,GJ20,"2,27,748","21,30,31,002",935,"97,004",0
Gujarat,2018,1,Mahisagar,GJ19,"25,888","2,42,28,880",936,"11,048",0
Gujarat,2018,1,Morbi,GJ21,"58,217","7,03,78,386","1,209","30,329",0
Gujarat,2018,1,Narmada,GJ22,"13,920","1,51,20,948","1,086","6,464",0
Gujarat,2018,1,Navsari,GJ23,"1,59,975","22,97,07,589","1,436","35,437",0
Gujarat,2018,1,Panch Mahals,GJ24,"86,317","6,55,56,535",759,"32,263",0
Gujarat,2018,1,Patan,GJ25,"1,05,705","8,19,74,812",776,"41,580",0
Gujarat,2018,1,Porbandar,GJ26,"16,381","2,82,54,689","1,725","12,401",0
Gujarat,2018,1,Rajkot,GJ27,"2,19,190","29,68,03,514","1,354","1,33,017",0
Gujarat,2018,1,Sabar Kantha,GJ28,"1,05,266","8,81,14,408",837,"45,018",0
Gujarat,2018,1,Surat,GJ29,"9,83,723","1,34,68,33,711","1,369","4,89,852",0
Gujarat,2018,1,Surendranagar,GJ30,"80,486","7,17,35,565",891,"38,223",0
Gujarat,2018,1,Tapi,GJ31,"29,217","3,05,55,641","1,046","14,231",0
Gujarat,2018,1,The Dangs,GJ11,"5,441","47,83,139",879,"2,285",0
Gujarat,2018,1,Vadodara,GJ32,"3,87,998","60,46,45,570","1,558","2,05,722",0
Gujarat,2018,1,Valsad,GJ33,"1,68,659","19,13,37,866","1,134","80,138",0
Haryana,2018,1,Ambala,HR01,"1,19,503","18,92,50,272","1,584","54,127",0
Haryana,2018,1,Bhiwani,HR02,"1,25,150","19,03,61,119","1,521","57,585",0
Haryana,2018,1,Charkhi Dadri,HR03,"32,910","4,95,15,980","1,505","14,712",0
Haryana,2018,1,Faridabad,HR04,"5,21,939","77,27,38,359","1,481","2,31,504",0
Haryana,2018,1,Fatehabad,HR05,"1,16,455","10,56,77,674",907,"48,955",0
Haryana,2018,1,Gurugram,HR06,"14,08,070","2,31,70,83,394","1,646","4,74,081",0
Haryana,2018,1,Hisar,HR07,"2,40,517","35,57,32,766","1,479","1,13,872",0
Haryana,2018,1,Jhajjar,HR08,"1,15,322","18,79,60,034","1,630","53,121",0
Haryana,2018,1,Jind,HR09,"1,17,357","18,68,42,136","1,592","51,815",0
Haryana,2018,1,Kaithal,HR10,"98,466","14,96,86,426","1,520","41,222",0
Haryana,2018,1,Karnal,HR11,"1,69,313","24,77,18,779","1,463","73,612",0
Haryana,2018,1,Kurukshetra,HR12,"1,10,204","17,23,43,157","1,564","47,932",0
Haryana,2018,1,Mahendragarh,HR13,"89,413","11,96,24,308","1,338","45,460",0
Haryana,2018,1,Mewat,HR14,"80,255","13,29,78,793","1,657","29,541",0
Haryana,2018,1,Palwal,HR15,"97,942","14,53,40,108","1,484","48,774",0
Haryana,2018,1,Panchkula,HR16,"86,298","14,28,47,688","1,655","41,867",0
Haryana,2018,1,Panipat,HR17,"1,83,960","26,30,54,775","1,430","74,739",0
Haryana,2018,1,Rewari,HR18,"1,99,418","28,00,95,219","1,405","85,350",0
Haryana,2018,1,Rohtak,HR19,"1,21,728","21,52,07,976","1,768","62,452",0
Haryana,2018,1,Sirsa,HR20,"1,64,867","16,43,13,976",997,"70,800",0
Haryana,2018,1,Sonipat,HR21,"1,78,766","27,98,04,666","1,565","79,638",0
Haryana,2018,1,Yamunanagar,HR22,"1,02,917","12,53,33,910","1,218","46,198",0
Himachal Pradesh,2018,1,Bilaspur,HP01,"21,880","2,02,15,587",924,"11,975",0
Himachal Pradesh,2018,1,Chamba,HP02,"41,138","6,90,91,184","1,679","8,678",0
Himachal Pradesh,2018,1,Hamirpur,HP03,"32,709","3,75,06,250","1,147","15,614",0
Himachal Pradesh,2018,1,Kangra,HP04,"62,061","8,32,69,925","1,342","39,016",0
Himachal Pradesh,2018,1,Kinnaur,HP05,"5,815","81,01,945","1,393","2,684",0
Himachal Pradesh,2018,1,Kullu,HP06,"23,978","3,65,99,343","1,526","15,318",0
Himachal Pradesh,2018,1,Lahul And Spiti,HP07,335,"4,41,405","1,318",487,0
Himachal Pradesh,2018,1,Mandi,HP08,"44,169","5,03,08,276","1,139","26,238",0
Himachal Pradesh,2018,1,Shimla,HP09,"54,161","8,43,75,527","1,558","28,214",0
Himachal Pradesh,2018,1,Sirmaur,HP10,"37,721","4,35,79,534","1,155","15,880",0
Himachal Pradesh,2018,1,Solan,HP11,"1,18,881","14,68,73,607","1,235","50,035",0
Himachal Pradesh,2018,1,Una,HP12,"39,070","4,83,75,222","1,238","13,234",0
Jammu & Kashmir,2018,1,Anantnag,JK01,"64,478","2,48,85,721",386,"11,556",0
Jammu & Kashmir,2018,1,Bandipore,JK02,"38,208","1,18,85,514",311,"4,609",0
Jammu & Kashmir,2018,1,Baramulla,JK03,"83,775","4,42,15,018",528,"16,299",0
Jammu & Kashmir,2018,1,Budgam,JK04,"50,748","3,62,18,454",714,"11,594",0
Jammu & Kashmir,2018,1,Doda,JK05,"4,108","70,65,930","1,720","2,648",0
Jammu & Kashmir,2018,1,Ganderbal,JK06,"20,571","91,07,650",443,"4,117",0
Jammu & Kashmir,2018,1,Jammu,JK07,"81,381","12,74,52,979","1,566","45,294",0
Jammu & Kashmir,2018,1,Kathua,JK08,"17,643","2,23,53,839","1,267","8,039",0
Jammu & Kashmir,2018,1,Kishtwar,JK09,"2,054","35,14,300","1,711","1,298",0
Jammu & Kashmir,2018,1,Kulgam,JK10,"23,587","92,13,671",391,"5,700",0
Jammu & Kashmir,2018,1,Kupwara,JK11,"11,185","1,70,85,910","1,528","7,254",0
Jammu & Kashmir,2018,1,Mirpur,,"1,320","30,52,182","2,312",544,0
Jammu & Kashmir,2018,1,Muzaffarabad,,13,"14,560","1,120",41,0
Jammu & Kashmir,2018,1,Poonch,JK12,"3,98,963","50,91,20,439","1,276","2,539",0
Jammu & Kashmir,2018,1,Pulwama,JK13,"35,793","2,47,77,476",692,"8,441",0
Jammu & Kashmir,2018,1,Rajouri,JK14,"10,199","1,60,45,672","1,573","5,232",0
Jammu & Kashmir,2018,1,Ramban,JK15,"5,326","72,84,249","1,368","1,876",0
Jammu & Kashmir,2018,1,Reasi,JK16,"7,433","1,28,16,155","1,724","3,583",0
Jammu & Kashmir,2018,1,Samba,JK17,"14,795","2,15,34,891","1,456","6,534",0
Jammu & Kashmir,2018,1,Shopian,JK18,"5,083","35,98,499",708,"2,537",0
Jammu & Kashmir,2018,1,Srinagar,JK19,"47,285","6,26,76,257","1,325","18,233",0
Jammu & Kashmir,2018,1,Udhampur,JK20,"17,620","3,14,51,872","1,785","8,457",0
Jharkhand,2018,1,Bokaro,JH01,"2,63,441","21,00,67,689",797,"1,01,673",0
Jharkhand,2018,1,Chatra,JH02,"28,364","4,88,08,253","1,721","11,805",0
Jharkhand,2018,1,Deoghar,JH03,"70,058","9,11,00,586","1,300","35,229",0
Jharkhand,2018,1,Dhanbad,JH04,"3,40,878","27,19,73,005",798,"1,30,195",0
Jharkhand,2018,1,Dumka,JH05,"37,867","3,33,66,390",881,"16,027",0
Jharkhand,2018,1,East Singhbhum,JH06,"2,20,276","25,72,29,541","1,168","1,03,016",0
Jharkhand,2018,1,Garhwa,JH07,"47,858","10,54,26,065","2,203","14,981",0
Jharkhand,2018,1,Giridih,JH08,"1,31,905","13,14,09,946",996,"45,940",0
Jharkhand,2018,1,Godda,JH09,"36,994","3,60,33,979",974,"16,608",0
Jharkhand,2018,1,Gumla,JH10,"12,079","1,54,22,722","1,277","6,616",0
Jharkhand,2018,1,Hazaribagh,JH11,"1,50,709","17,12,97,280","1,137","56,421",0
Jharkhand,2018,1,Jamtara,JH12,"21,925","3,75,30,177","1,712","10,659",0
Jharkhand,2018,1,Khunti,JH13,"10,377","1,22,38,451","1,179","4,037",0
Jharkhand,2018,1,Koderma,JH14,"58,922","7,60,01,335","1,290","21,423",0
Jharkhand,2018,1,Latehar,JH15,"20,416","3,51,21,830","1,720","7,580",0
Jharkhand,2018,1,Lohardaga,JH16,"15,716","1,63,49,311","1,040","5,431",0
Jharkhand,2018,1,Pakur,JH17,"17,321","1,06,39,884",614,"6,846",0
Jharkhand,2018,1,Palamu,JH18,"84,608","12,81,41,542","1,515","31,788",0
Jharkhand,2018,1,Ramgarh,JH19,"97,459","8,58,44,870",881,"37,875",0
Jharkhand,2018,1,Ranchi,JH20,"3,56,622","43,42,34,048","1,218","1,59,444",0
Jharkhand,2018,1,Sahebganj,JH21,"30,741","4,40,38,697","1,433","12,479",0
Jharkhand,2018,1,Saraikela Kharsawan,JH22,"83,449","7,45,73,903",894,"31,177",0
Jharkhand,2018,1,Simdega,JH23,"6,739","93,28,084","1,384","2,983",0
Jharkhand,2018,1,West Singhbhum,JH24,"34,197","3,80,08,802","1,111","15,529",0
Karnataka,2018,1,Bagalkote,KA01,"1,37,750","13,07,64,472",949,"63,460",0
Karnataka,2018,1,Ballari,KA02,"2,18,492","31,72,08,290","1,452","1,03,566",0
Karnataka,2018,1,Belagavi,KA05,"2,65,382","28,69,97,207","1,081","1,40,320",0
Karnataka,2018,1,Bengaluru Rural,KA03,"1,87,325","30,70,37,188","1,639","87,955",0
Karnataka,2018,1,Bengaluru Urban,KA04,"83,06,513","14,16,27,50,303","1,705","19,22,368",0
Karnataka,2018,1,Bidar,KA06,"1,48,528","21,92,04,066","1,476","58,446",0
Karnataka,2018,1,Chamarajanagara,KA08,"32,011","3,56,20,370","1,113","17,398",0
Karnataka,2018,1,Chikkaballapura,KA09,"1,14,026","16,40,73,012","1,439","43,074",0
Karnataka,2018,1,Chikkamagaluru,KA10,"56,698","7,98,77,644","1,409","32,240",0
Karnataka,2018,1,Chitradurga,KA11,"86,333","12,19,14,950","1,412","41,656",0
Karnataka,2018,1,Dakshina Kannada,KA12,"1,85,407","27,00,72,282","1,457","87,491",0
Karnataka,2018,1,Davanagere,KA13,"1,37,819","16,91,37,587","1,227","68,178",0
Karnataka,2018,1,Dharwad,KA14,"2,04,568","23,13,36,487","1,131","1,06,877",0
Karnataka,2018,1,Gadag,KA15,"59,137","5,80,62,529",982,"28,575",0
Karnataka,2018,1,Hassan,KA17,"88,635","13,45,41,685","1,518","51,642",0
Karnataka,2018,1,Haveri,KA18,"62,962","7,36,34,849","1,170","33,262",0
Karnataka,2018,1,Kalaburagi,KA16,"1,52,325","21,21,80,924","1,393","81,933",0
Karnataka,2018,1,Kodagu,KA19,"23,443","4,23,86,914","1,808","14,783",0
Karnataka,2018,1,Kolar,KA20,"1,33,622","16,77,83,200","1,256","60,498",0
Karnataka,2018,1,Koppal,KA21,"63,835","7,96,50,000","1,248","34,963",0
Karnataka,2018,1,Mandya,KA22,"1,05,447","14,15,85,191","1,343","50,951",0
Karnataka,2018,1,Mysuru,KA23,"3,31,051","51,54,55,840","1,557","1,50,799",0
Karnataka,2018,1,Raichur,KA24,"1,31,182","18,12,40,415","1,382","58,544",0
Karnataka,2018,1,Ramanagara,KA25,"1,24,329","19,50,57,353","1,569","47,100",0
Karnataka,2018,1,Shivamogga,KA26,"1,10,195","15,55,61,861","1,412","60,797",0
Karnataka,2018,1,Tumakuru,KA27,"1,77,987","26,09,85,867","1,466","82,955",0
Karnataka,2018,1,Udupi,KA28,"1,02,236","14,45,16,001","1,414","49,362",0
Karnataka,2018,1,Uttara Kannada,KA29,"84,133","10,66,64,203","1,268","48,635",0
Karnataka,2018,1,Vijayapura,KA07,"1,40,665","17,51,98,952","1,246","68,814",0
Karnataka,2018,1,Yadgir,KA31,"44,863","7,73,95,671","1,725","21,121",0
Kerala,2018,1,Alappuzha,KL01,"74,941","9,50,14,766","1,268","39,275",0
Kerala,2018,1,Ernakulam,KL02,"3,90,006","63,03,57,709","1,616","1,59,188",0
Kerala,2018,1,Idukki,KL03,"42,527","5,32,57,162","1,252","21,318",0
Kerala,2018,1,Kannur,KL04,"92,260","11,21,28,543","1,215","54,093",0
Kerala,2018,1,Kasaragod,KL05,"37,597","4,65,22,872","1,237","20,008",0
Kerala,2018,1,Kollam,KL06,"76,713","9,34,95,184","1,219","41,946",0
Kerala,2018,1,Kottayam,KL07,"1,02,446","13,27,88,590","1,296","43,142",0
Kerala,2018,1,Kozhikode,KL08,"2,06,971","26,42,16,576","1,277","83,422",0
Kerala,2018,1,Malappuram,KL09,"2,39,508","25,64,16,524","1,071","86,063",0
Kerala,2018,1,Palakkad,KL10,"1,19,324","15,52,78,346","1,301","51,507",0
Kerala,2018,1,Pathanamthitta,KL11,"35,435","4,48,71,380","1,266","18,890",0
Kerala,2018,1,Thiruvananthapuram,KL12,"1,72,079","27,52,02,216","1,599","81,846",0
Kerala,2018,1,Thrissur,KL13,"1,48,871","20,05,02,461","1,347","67,247",0
Kerala,2018,1,Wayanad,KL14,"32,702","4,26,22,425","1,303","16,239",0
Ladakh,2018,1,Kargil,LA01,"1,244","34,30,931","2,758","1,529",0
Ladakh,2018,1,Leh Ladakh,LA02,"4,845","91,01,927","1,879","7,255",0
Lakshadweep,2018,1,Lakshadweep,LD01,778,"19,28,611","2,479",501,0
Madhya Pradesh,2018,1,Agar Malwa,MP01,"46,312","9,06,06,926","1,956","12,058",0
Madhya Pradesh,2018,1,Alirajpur,MP02,"7,310","1,10,11,810","1,506","3,746",0
Madhya Pradesh,2018,1,Anuppur,MP03,"52,207","5,36,76,546","1,028","18,656",0
Madhya Pradesh,2018,1,Ashoknagar,MP04,"37,316","3,76,59,899","1,009","16,495",0
Madhya Pradesh,2018,1,Balaghat,MP05,"99,805","9,68,72,703",971,"38,064",0
Madhya Pradesh,2018,1,Barwani,MP06,"31,525","4,27,01,907","1,355","15,811",0
Madhya Pradesh,2018,1,Betul,MP07,"1,21,719","12,01,59,355",987,"49,045",0
Madhya Pradesh,2018,1,Bhind,MP08,"1,01,429","7,93,40,297",782,"34,085",0
Madhya Pradesh,2018,1,Bhopal,MP09,"17,04,495","1,90,54,73,875","1,118","3,07,312",0
Madhya Pradesh,2018,1,Burhanpur,MP10,"30,712","3,38,68,568","1,103","16,077",0
Madhya Pradesh,2018,1,Chhatarpur,MP12,"1,01,457","7,43,80,805",733,"36,004",0
Madhya Pradesh,2018,1,Chhindwara,MP13,"1,69,657","13,75,80,365",811,"65,005",0
Madhya Pradesh,2018,1,Damoh,MP14,"69,994","5,20,32,412",743,"24,961",0
Madhya Pradesh,2018,1,Datia,MP15,"43,232","3,06,01,928",708,"16,322",0
Madhya Pradesh,2018,1,Dewas,MP16,"1,87,518","20,46,04,019","1,091","62,902",0
Madhya Pradesh,2018,1,Dhar,MP17,"1,83,246","20,64,40,756","1,127","63,440",0
Madhya Pradesh,2018,1,Dindori,MP18,"19,124","2,08,82,302","1,092","6,114",0
Madhya Pradesh,2018,1,East Nimar,MP27,"71,864","8,23,56,693","1,146","29,308",0
Madhya Pradesh,2018,1,Guna,MP19,"99,030","8,16,52,640",825,"36,829",0
Madhya Pradesh,2018,1,Gwalior,MP20,"3,54,555","43,78,05,408","1,235","1,42,453",0
Madhya Pradesh,2018,1,Harda,MP21,"43,384","5,08,00,702","1,171","18,120",0
Madhya Pradesh,2018,1,Hoshangabad,MP22,"1,21,682","11,69,91,872",961,"50,658",0
Madhya Pradesh,2018,1,Indore,MP23,"10,66,784","1,45,51,49,305","1,364","3,66,977",0
Madhya Pradesh,2018,1,Jabalpur,MP24,"2,94,739","33,61,29,604","1,140","1,15,953",0
Madhya Pradesh,2018,1,Jhabua,MP25,"20,133","2,39,88,491","1,192","9,632",0
Madhya Pradesh,2018,1,Katni,MP26,"65,116","5,49,55,545",844,"28,098",0
Madhya Pradesh,2018,1,Khargone,MP28,"1,08,869","13,56,12,637","1,246","40,995",0
Madhya Pradesh,2018,1,Mandla,MP30,"28,899","3,74,90,485","1,297","13,593",0
Madhya Pradesh,2018,1,Mandsaur,MP31,"97,213","8,25,85,094",850,"42,041",0
Madhya Pradesh,2018,1,Morena,MP32,"1,07,452","10,65,73,745",992,"42,153",0
Madhya Pradesh,2018,1,Narsinghpur,MP34,"1,16,931","8,72,44,332",746,"38,027",0
Madhya Pradesh,2018,1,Neemuch,MP35,"73,718","6,47,79,676",879,"27,995",0
Madhya Pradesh,2018,1,Niwari,MP36,"20,669","1,21,06,653",586,"6,771",0
Madhya Pradesh,2018,1,Panna,MP37,"37,817","2,73,25,867",723,"13,874",0
Madhya Pradesh,2018,1,Raisen,MP38,"1,57,756","12,41,43,403",787,"47,344",0
Madhya Pradesh,2018,1,Rajgarh,MP39,"1,31,433","14,97,23,489","1,139","39,336",0
Madhya Pradesh,2018,1,Ratlam,MP40,"1,28,218","14,74,89,690","1,150","49,298",0
Madhya Pradesh,2018,1,Rewa,MP41,"2,10,786","24,95,49,305","1,184","73,336",0
Madhya Pradesh,2018,1,Sagar,MP42,"2,17,079","15,89,07,811",732,"72,857",0
Madhya Pradesh,2018,1,Satna,MP43,"1,69,230","14,20,54,017",839,"59,252",0
Madhya Pradesh,2018,1,Sehore,MP44,"2,62,578","25,36,27,460",966,"61,158",0
Madhya Pradesh,2018,1,Seoni,MP45,"82,748","6,87,46,483",831,"29,095",0
Madhya Pradesh,2018,1,Shahdol,MP46,"64,833","8,48,81,495","1,309","26,509",0
Madhya Pradesh,2018,1,Shajapur,MP47,"1,00,763","9,64,03,912",957,"29,995",0
Madhya Pradesh,2018,1,Sheopur,MP48,"26,051","2,33,53,771",896,"9,808",0
Madhya Pradesh,2018,1,Shivpuri,MP49,"69,731","5,94,53,330",853,"25,449",0
Madhya Pradesh,2018,1,Sidhi,MP50,"61,516","7,93,54,632","1,290","20,030",0
Madhya Pradesh,2018,1,Singrauli,MP51,"1,46,704","18,07,71,691","1,232","45,254",0
Madhya Pradesh,2018,1,Tikamgarh,MP52,"53,683","4,74,88,844",885,"15,917",0
Madhya Pradesh,2018,1,Ujjain,MP53,"2,23,180","25,80,84,908","1,156","84,441",0
Madhya Pradesh,2018,1,Umaria,MP54,"31,009","3,19,95,694","1,032","11,572",0
Madhya Pradesh,2018,1,Vidisha,MP55,"1,52,184","13,41,30,250",881,"43,378",0
Maharashtra,2018,1,Ahmednagar,MH01,"4,38,972","52,25,40,234","1,190","1,97,473",0
Maharashtra,2018,1,Akola,MH02,"1,12,541","9,86,91,995",877,"56,295",0
Maharashtra,2018,1,Amravati,MH03,"2,19,644","20,34,90,301",926,"1,00,458",0
Maharashtra,2018,1,Aurangabad,MH04,"6,20,430","68,03,61,962","1,097","2,66,324",0
Maharashtra,2018,1,Beed,MH05,"1,46,374","14,99,79,287","1,025","75,552",0
Maharashtra,2018,1,Bhandara,MH06,"94,217","7,69,98,453",817,"38,732",0
Maharashtra,2018,1,Buldhana,MH07,"2,11,789","21,34,97,261","1,008","84,962",0
Maharashtra,2018,1,Chandrapur,MH08,"1,42,067","12,95,89,202",912,"67,034",0
Maharashtra,2018,1,Dhule,MH09,"1,39,376","14,88,93,541","1,068","63,040",0
Maharashtra,2018,1,Gadchiroli,MH10,"50,072","5,07,90,948","1,014","20,462",0
Maharashtra,2018,1,Gondia,MH11,"96,798","9,46,54,514",978,"37,761",0
Maharashtra,2018,1,Hingoli,MH12,"70,314","5,72,81,674",815,"27,545",0
Maharashtra,2018,1,Jalgaon,MH13,"3,32,668","34,67,20,333","1,042","1,56,359",0
Maharashtra,2018,1,Jalna,MH14,"1,54,861","14,71,17,543",950,"60,373",0
Maharashtra,2018,1,Kolhapur,MH15,"3,51,519","35,47,23,905","1,009","1,72,528",0
Maharashtra,2018,1,Latur,MH16,"2,59,016","23,72,46,240",916,"1,01,698",0
Maharashtra,2018,1,Mumbai,MH17,"26,71,029","3,92,31,16,794","1,469","2,33,538",0
Maharashtra,2018,1,Mumbai Suburban,MH18,"14,44,587","2,38,52,42,801","1,651","7,19,300",0
Maharashtra,2018,1,Nagpur,MH19,"5,92,456","78,19,81,176","1,320","2,80,007",0
Maharashtra,2018,1,Nanded,MH20,"2,21,472","19,53,76,792",882,"99,716",0
Maharashtra,2018,1,Nandurbar,MH21,"60,163","7,05,43,832","1,173","27,766",0
Maharashtra,2018,1,Nashik,MH22,"6,69,259","87,44,35,847","1,307","3,21,402",0
Maharashtra,2018,1,Osmanabad,MH23,"1,29,616","13,75,13,718","1,061","51,994",0
Maharashtra,2018,1,Palghar,MH24,"3,16,766","43,22,88,178","1,365","1,72,502",0
Maharashtra,2018,1,Parbhani,MH25,"1,26,868","10,90,58,550",860,"57,487",0
Maharashtra,2018,1,Pune,MH26,"38,42,929","5,37,89,82,327","1,400","12,11,643",0
Maharashtra,2018,1,Raigad,MH27,"3,10,127","48,19,78,060","1,554","1,73,015",0
Maharashtra,2018,1,Ratnagiri,MH28,"57,950","6,82,34,354","1,177","32,596",0
Maharashtra,2018,1,Sangli,MH29,"2,31,021","24,15,38,564","1,046","1,08,867",0
Maharashtra,2018,1,Satara,MH30,"2,47,012","26,48,57,537","1,072","1,16,303",0
Maharashtra,2018,1,Sindhudurg,MH31,"37,285","4,43,48,287","1,189","19,427",0
Maharashtra,2018,1,Solapur,MH32,"4,51,438","53,57,91,949","1,187","1,90,033",0
Maharashtra,2018,1,Thane,MH33,"12,43,518","1,99,58,16,825","1,605","6,31,864",0
Maharashtra,2018,1,Wardha,MH34,"1,11,564","10,31,96,999",925,"46,502",0
Maharashtra,2018,1,Washim,MH35,"60,452","5,39,56,266",893,"29,299",0
Maharashtra,2018,1,Yavatmal,MH36,"1,20,864","12,07,77,011",999,"57,137",0
Manipur,2018,1,Bishnupur,MN01,"7,005","1,13,41,628","1,619","2,371",0
Manipur,2018,1,Chandel,MN02,880,"13,76,995","1,565",452,0
Manipur,2018,1,Churachandpur,MN03,"4,081","1,17,08,259","2,869","1,524",0
Manipur,2018,1,Imphal East,MN04,"21,960","2,60,28,938","1,185","6,759",0
Manipur,2018,1,Imphal West,MN05,"29,863","4,60,26,263","1,541","11,304",0
Manipur,2018,1,Jiribam,MN06,"1,305","35,64,799","2,732",460,0
Manipur,2018,1,Kakching,MN07,"1,622","19,24,584","1,187",915,0
Manipur,2018,1,Kamjong,MN08,329,"2,36,108",718,108,0
Manipur,2018,1,Kangpokpi,MN09,"4,187","1,21,29,421","2,897","1,439",0
Manipur,2018,1,Noney,MN10,646,"7,47,261","1,157",216,0
Manipur,2018,1,Pherzawl,MN11,2,778,389,24,0
Manipur,2018,1,Senapati,MN12,613,"5,77,840",943,85,0
Manipur,2018,1,Tamenglong,MN13,"1,007","17,09,209","1,697",550,0
Manipur,2018,1,Tengnoupal,MN14,882,"6,60,029",748,352,0
Manipur,2018,1,Thoubal,MN15,"8,288","83,66,773","1,010","2,764",0
Manipur,2018,1,Ukhrul,MN16,"1,399","16,47,289","1,177",602,0
Meghalaya,2018,1,East Garo Hills,ML01,749,"7,81,579","1,043",236,0
Meghalaya,2018,1,East Jaintia Hills,ML02,"4,896","82,99,361","1,695","1,419",0
Meghalaya,2018,1,East Khasi Hills,ML03,"23,283","3,18,07,959","1,366","9,310",0
Meghalaya,2018,1,North Garo Hills,ML04,922,"6,52,555",708,254,0
Meghalaya,2018,1,Ribhoi,ML05,"6,029","87,36,567","1,449","1,891",0
Meghalaya,2018,1,South Garo Hills,ML06,705,"8,07,410","1,145",343,0
Meghalaya,2018,1,South West Garo Hills,ML07,798,"10,15,597","1,273",299,0
Meghalaya,2018,1,South West Khasi Hills,ML08,319,"4,89,331","1,534",55,0
Meghalaya,2018,1,West Garo Hills,ML09,"7,660","91,99,201","1,201","3,671",0
Meghalaya,2018,1,West Jaintia Hills,ML10,"3,131","28,12,938",898,736,0
Meghalaya,2018,1,West Khasi Hills,ML11,"1,079","16,47,761","1,527",299,0
Mizoram,2018,1,Aizawl,MZ01,"12,006","2,79,18,981","2,325","4,550",0
Mizoram,2018,1,Champhai,MZ02,453,"8,71,006","1,923",358,0
Mizoram,2018,1,Kolasib,MZ05,"1,457","38,91,685","2,671",486,0
Mizoram,2018,1,Lawngtlai,MZ06,735,"5,47,180",744,474,0
Mizoram,2018,1,Lunglei,MZ07,"1,604","23,50,555","1,465",879,0
Mizoram,2018,1,Mamit,MZ08,"1,133","57,29,263","5,057",316,0
Mizoram,2018,1,Saiha,MZ09,482,"21,88,551","4,541",231,0
Mizoram,2018,1,Serchhip,MZ11,691,"17,29,998","2,504",299,0
Nagaland,2018,1,Dimapur,NL01,"18,449","3,83,30,088","2,078","8,249",0
Nagaland,2018,1,Kiphire,NL02,255,"5,58,832","2,191",168,0
Nagaland,2018,1,Kohima,NL03,"11,070","2,07,44,033","1,874","3,036",0
Nagaland,2018,1,Longleng,NL04,605,"5,47,263",905,121,0
Nagaland,2018,1,Mokokchung,NL05,"3,428","56,53,655","1,649","1,043",0
Nagaland,2018,1,Mon,NL06,"1,851","29,62,723","1,601",525,0
Nagaland,2018,1,Peren,NL08,587,"12,28,043","2,092",218,0
Nagaland,2018,1,Phek,NL09,"1,397","13,47,986",965,487,0
Nagaland,2018,1,Tuensang,NL10,"1,861","29,39,510","1,580",377,0
Nagaland,2018,1,Wokha,NL11,"1,642","19,42,858","1,183",465,0
Nagaland,2018,1,Zunheboto,NL12,"1,700","17,50,901","1,030",385,0
Odisha,2018,1,Anugul,OR01,"1,73,164","13,96,94,644",807,"56,617",0
Odisha,2018,1,Balangir,OR02,"1,22,127","9,90,39,590",811,"35,271",0
Odisha,2018,1,Baleshwar,OR03,"4,69,068","30,62,23,509",653,"1,00,919",0
Odisha,2018,1,Bargarh,OR04,"1,00,526","6,99,91,392",696,"32,489",0
Odisha,2018,1,Bhadrak,OR05,"2,79,644","18,73,75,014",670,"58,050",0
Odisha,2018,1,Boudh,OR06,"23,736","2,02,93,882",855,"9,077",0
Odisha,2018,1,Cuttack,OR07,"4,87,588","39,13,94,152",803,"1,35,972",0
Odisha,2018,1,Deogarh,OR08,"22,191","1,77,27,797",799,"5,322",0
Odisha,2018,1,Dhenkanal,OR09,"1,70,704","11,07,43,456",649,"46,024",0
Odisha,2018,1,Gajapati,OR10,"27,344","2,86,74,113","1,049","9,743",0
Odisha,2018,1,Ganjam,OR11,"3,99,549","37,93,58,026",949,"1,26,158",0
Odisha,2018,1,Jagatsinghapur,OR12,"2,26,525","11,97,70,991",529,"49,264",0
Odisha,2018,1,Jajapur,OR13,"3,62,382","20,43,73,666",564,"81,133",0
Odisha,2018,1,Jharsuguda,OR14,"85,127","9,96,28,073","1,170","32,514",0
Odisha,2018,1,Kalahandi,OR15,"1,01,889","5,69,23,004",559,"30,605",0
Odisha,2018,1,Kandhamal,OR16,"31,647","2,75,61,408",871,"10,809",0
Odisha,2018,1,Kendrapara,OR17,"1,89,692","10,94,53,627",577,"44,379",0
Odisha,2018,1,Kendujhar,OR18,"2,59,941","19,62,42,628",755,"58,968",0
Odisha,2018,1,Khordha,OR19,"10,13,916","1,06,45,65,482","1,050","3,08,390",0
Odisha,2018,1,Koraput,OR20,"64,106","8,76,12,627","1,367","25,395",0
Odisha,2018,1,Malkangiri,OR21,"12,181","1,39,22,772","1,143","5,396",0
Odisha,2018,1,Mayurbhanj,OR22,"2,08,105","15,17,86,389",729,"50,472",0
Odisha,2018,1,Nabarangpur,OR23,"29,925","3,24,25,549","1,084","9,466",0
Odisha,2018,1,Nayagarh,OR24,"1,95,162","10,97,52,751",562,"33,533",0
Odisha,2018,1,Nuapada,OR25,"22,483","1,62,19,185",721,"8,252",0
Odisha,2018,1,Puri,OR26,"2,79,071","17,37,02,320",622,"69,923",0
Odisha,2018,1,Rayagada,OR27,"57,875","6,30,41,850","1,089","21,756",0
Odisha,2018,1,Sambalpur,OR28,"1,35,539","13,08,60,855",965,"47,017",0
Odisha,2018,1,Sonepur,OR29,"65,573","3,39,07,649",517,"15,900",0
Odisha,2018,1,Sundargarh,OR30,"1,93,041","18,53,65,810",960,"75,201",0
Puducherry,2018,1,Karaikal,PY01,"10,266","1,79,96,502","1,753","3,628",0
Puducherry,2018,1,Mahe,PY02,"1,512","24,56,277","1,625","1,073",0
Puducherry,2018,1,Puducherry,PY03,"86,486","13,62,05,608","1,575","42,117",0
Puducherry,2018,1,Yanam,PY04,"5,948","91,67,585","1,541","2,500",0
Punjab,2018,1,Amritsar,PB01,"98,115","20,00,91,373","2,039","59,685",0
Punjab,2018,1,Barnala,PB02,"20,348","3,07,79,491","1,513","12,242",0
Punjab,2018,1,Bathinda,PB03,"96,310","15,17,09,303","1,575","52,466",0
Punjab,2018,1,Faridkot,PB04,"31,684","4,59,32,934","1,450","14,795",0
Punjab,2018,1,Fatehgarh Sahib,PB05,"31,868","4,35,63,884","1,367","14,764",0
Punjab,2018,1,Fazilka,PB06,"1,00,864","11,89,15,901","1,179","44,823",0
Punjab,2018,1,Firozepur,PB07,"43,858","6,80,77,291","1,552","19,987",0
Punjab,2018,1,Gurdaspur,PB08,"33,787","5,75,34,101","1,703","21,372",0
Punjab,2018,1,Hoshiarpur,PB09,"43,008","6,47,71,754","1,506","25,348",0
Punjab,2018,1,Jalandhar,PB10,"1,18,981","19,35,77,711","1,627","57,808",0
Punjab,2018,1,Kapurthala,PB11,"65,770","7,93,25,182","1,206","18,281",0
Punjab,2018,1,Ludhiana,PB12,"4,27,197","56,30,38,261","1,318","1,68,625",0
Punjab,2018,1,Mansa,PB14,"47,047","4,15,35,818",883,"20,521",0
Punjab,2018,1,Moga,PB15,"32,992","5,94,39,081","1,802","13,894",0
Punjab,2018,1,Pathankot,PB16,"51,474","8,10,47,251","1,575","20,420",0
Punjab,2018,1,Patiala,PB17,"1,31,111","21,67,16,752","1,653","66,507",0
Punjab,2018,1,Rupnagar,PB18,"33,059","5,10,94,982","1,546","17,004",0
Punjab,2018,1,Sangrur,PB20,"89,227","11,84,20,390","1,327","37,485",0
Punjab,2018,1,Sas Nagar,PB19,"2,85,119","46,58,50,274","1,634","1,21,113",0
Punjab,2018,1,Shahid Bhagat Singh Nagar,PB21,"20,891","3,19,84,800","1,531","7,519",0
Punjab,2018,1,Sri Muktsar Sahib,PB22,"44,697","5,41,46,157","1,211","21,239",0
Punjab,2018,1,Tarn Taran,PB23,"23,026","4,32,05,533","1,876","11,244",0
Rajasthan,2018,1,Ajmer,RJ01,"2,24,405","34,75,56,930","1,549","1,18,458",0
Rajasthan,2018,1,Alwar,RJ02,"5,11,188","63,61,93,637","1,245","2,03,096",0
Rajasthan,2018,1,Banswara,RJ03,"35,340","4,14,01,807","1,172","18,977",0
Rajasthan,2018,1,Baran,RJ04,"86,147","6,09,44,385",707,"34,380",0
Rajasthan,2018,1,Barmer,RJ05,"1,25,849","17,56,04,034","1,395","60,424",0
Rajasthan,2018,1,Bharatpur,RJ06,"1,63,715","18,97,69,489","1,159","68,429",0
Rajasthan,2018,1,Bhilwara,RJ07,"3,05,744","35,31,35,372","1,155","1,11,753",0
Rajasthan,2018,1,Bikaner,RJ08,"1,76,548","24,22,46,396","1,372","86,986",0
Rajasthan,2018,1,Bundi,RJ09,"70,989","5,55,54,459",783,"33,190",0
Rajasthan,2018,1,Chittorgarh,RJ10,"1,43,009","14,98,57,248","1,048","59,344",0
Rajasthan,2018,1,Churu,RJ11,"1,41,055","12,09,83,004",858,"65,574",0
Rajasthan,2018,1,Dausa,RJ12,"2,16,969","17,29,23,366",797,"75,701",0
Rajasthan,2018,1,Dholpur,RJ13,"52,731","5,83,47,675","1,107","22,160",0
Rajasthan,2018,1,Dungarpur,RJ14,"29,611","4,22,33,287","1,426","17,191",0
Rajasthan,2018,1,Ganganagar,RJ31,"2,38,689","29,11,45,140","1,220","89,175",0
Rajasthan,2018,1,Hanumangarh,RJ15,"1,83,162","18,42,78,585","1,006","61,196",0
Rajasthan,2018,1,Jaipur,RJ16,"24,17,174","2,95,30,86,960","1,222","9,00,773",0
Rajasthan,2018,1,Jaisalmer,RJ17,"42,472","6,04,41,095","1,423","21,619",0
Rajasthan,2018,1,Jalore,RJ18,"63,373","7,52,29,021","1,187","35,230",0
Rajasthan,2018,1,Jhalawar,RJ19,"84,376","8,47,54,168","1,004","34,416",0
Rajasthan,2018,1,Jhunjhunu,RJ20,"2,16,379","24,98,37,886","1,155","98,912",0
Rajasthan,2018,1,Jodhpur,RJ21,"3,17,285","46,79,63,867","1,475","1,72,648",0
Rajasthan,2018,1,Karauli,RJ22,"97,830","8,79,18,691",899,"38,670",0
Rajasthan,2018,1,Kota,RJ23,"3,17,338","31,35,45,175",988,"1,41,411",0
Rajasthan,2018,1,Nagaur,RJ24,"2,26,358","24,59,26,095","1,086","1,01,581",0
Rajasthan,2018,1,Pali,RJ25,"1,11,172","14,14,12,670","1,272","61,805",0
Rajasthan,2018,1,Pratapgarh,RJ26,"32,262","3,56,25,792","1,104","13,060",0
Rajasthan,2018,1,Rajsamand,RJ27,"56,704","8,94,71,010","1,578","29,111",0
Rajasthan,2018,1,Sawai Madhopur,RJ28,"1,51,565","12,67,83,052",836,"54,942",0
Rajasthan,2018,1,Sikar,RJ29,"3,21,709","35,42,68,688","1,101","1,33,983",0
Rajasthan,2018,1,Sirohi,RJ30,"61,986","7,45,17,122","1,202","30,697",0
Rajasthan,2018,1,Tonk,RJ32,"1,44,453","12,76,00,145",883,"51,391",0
Rajasthan,2018,1,Udaipur,RJ33,"2,24,103","31,57,36,880","1,409","1,11,919",0
Sikkim,2018,1,East,SK01,"24,432","3,59,07,388","1,470","12,749",0
Sikkim,2018,1,North,SK02,"3,446","51,76,777","1,502","1,575",0
Sikkim,2018,1,South,SK03,"11,355","1,60,98,283","1,418","3,679",0
Sikkim,2018,1,West,SK04,"4,845","74,68,491","1,541","2,048",0
Tamil Nadu,2018,1,Ariyalur,TN01,"16,068","2,83,39,478","1,764","9,211",0
Tamil Nadu,2018,1,Chengalpattu,TN02,"5,69,483","1,03,01,87,165","1,809","2,15,210",0
Tamil Nadu,2018,1,Chennai,TN03,"26,56,230","4,28,11,37,763","1,612","2,92,004",0
Tamil Nadu,2018,1,Coimbatore,TN04,"5,33,919","91,38,24,435","1,712","1,70,306",0
Tamil Nadu,2018,1,Cuddalore,TN05,"89,956","13,95,21,485","1,551","43,486",0
Tamil Nadu,2018,1,Dharmapuri,TN06,"63,975","10,41,76,496","1,628","33,682",0
Tamil Nadu,2018,1,Dindigul,TN07,"65,863","11,87,71,377","1,803","34,025",0
Tamil Nadu,2018,1,Erode,TN08,"1,14,560","19,80,72,373","1,729","53,761",0
Tamil Nadu,2018,1,Kallakkurichi,TN09,"32,666","5,36,43,332","1,642","20,750",0
Tamil Nadu,2018,1,Kancheepuram,TN10,"3,08,279","53,84,09,899","1,747","1,36,352",0
Tamil Nadu,2018,1,Kanniyakumari,TN11,"44,474","7,23,04,912","1,626","28,347",0
Tamil Nadu,2018,1,Karur,TN12,"42,198","7,61,41,520","1,804","19,098",0
Tamil Nadu,2018,1,Krishnagiri,TN13,"1,53,618","25,39,07,426","1,653","66,958",0
Tamil Nadu,2018,1,Madurai,TN14,"1,29,858","23,21,51,304","1,788","72,582",0
Tamil Nadu,2018,1,Nagapattinam,TN16,"25,394","4,61,60,213","1,818","15,626",0
Tamil Nadu,2018,1,Namakkal,TN17,"99,497","17,80,22,610","1,789","38,529",0
Tamil Nadu,2018,1,Perambalur,TN19,"13,293","1,93,64,164","1,457","8,476",0
Tamil Nadu,2018,1,Pudukkottai,TN20,"35,973","6,50,83,488","1,809","16,067",0
Tamil Nadu,2018,1,Ramanathapuram,TN21,"24,581","4,56,96,810","1,859","14,636",0
Tamil Nadu,2018,1,Ranipet,TN22,"50,346","6,87,82,429","1,366","31,107",0
Tamil Nadu,2018,1,Salem,TN23,"2,19,916","37,59,63,972","1,710","88,288",0
Tamil Nadu,2018,1,Sivaganga,TN24,"34,130","6,39,44,318","1,874","16,919",0
Tamil Nadu,2018,1,Tenkasi,TN25,"24,822","3,94,39,631","1,589","15,000",0
Tamil Nadu,2018,1,Thanjavur,TN26,"88,574","14,57,96,314","1,646","36,258",0
Tamil Nadu,2018,1,The Nilgiris,TN18,"29,334","5,55,52,426","1,894","13,351",0
Tamil Nadu,2018,1,Theni,TN27,"33,275","5,40,74,355","1,625","18,253",0
Tamil Nadu,2018,1,Thiruvallur,TN33,"4,13,340","73,02,10,414","1,767","2,15,622",0
Tamil Nadu,2018,1,Thiruvarur,TN35,"20,460","3,23,78,309","1,583","11,170",0
Tamil Nadu,2018,1,Thoothukkudi,TN28,"37,172","5,57,82,895","1,501","25,509",0
Tamil Nadu,2018,1,Tiruchirappalli,TN29,"1,49,186","26,25,28,157","1,760","62,230",0
Tamil Nadu,2018,1,Tirunelveli,TN30,"50,976","9,67,59,984","1,898","28,006",0
Tamil Nadu,2018,1,Tirupathur,TN31,"38,799","5,68,05,035","1,464","25,242",0
Tamil Nadu,2018,1,Tiruppur,TN32,"2,39,740","42,32,71,980","1,766","87,652",0
Tamil Nadu,2018,1,Tiruvannamalai,TN34,"72,372","9,12,16,192","1,260","40,279",0
Tamil Nadu,2018,1,Vellore,TN36,"1,04,902","15,33,94,008","1,462","42,137",0
Tamil Nadu,2018,1,Viluppuram,TN37,"59,239","9,63,41,148","1,626","31,546",0
Tamil Nadu,2018,1,Virudhunagar,TN38,"40,154","6,43,99,881","1,604","27,079",0
Telangana,2018,1,Adilabad,TG01,"35,960","5,14,88,627","1,432","20,180",0
Telangana,2018,1,Bhadradri Kothagudem,TG02,"1,29,015","23,58,28,537","1,828","57,366",0
Telangana,2018,1,Hyderabad,TG03,"25,45,507","4,28,72,23,790","1,684","6,55,175",0
Telangana,2018,1,Jagtial,TG04,"93,840","11,95,23,181","1,274","51,382",0
Telangana,2018,1,Jangaon,TG05,"80,758","8,12,62,680","1,006","30,373",0
Telangana,2018,1,Jaya Shankar Bhalupally,TG06,"53,916","7,62,21,067","1,414","21,824",0
Telangana,2018,1,Jogulamba Gadwal,TG07,"50,179","6,23,86,167","1,243","21,686",0
Telangana,2018,1,Kamareddy,TG08,"84,914","10,13,53,627","1,194","38,028",0
Telangana,2018,1,Karimnagar,TG09,"2,24,324","27,15,26,470","1,210","1,00,028",0
Telangana,2018,1,Khammam,TG10,"1,83,964","24,58,57,422","1,336","84,941",0
Telangana,2018,1,Kumuram Bheem Asifabad,TG11,"26,226","2,95,92,041","1,128","13,448",0
Telangana,2018,1,Mahabubabad,TG12,"73,810","8,13,45,319","1,102","32,847",0
Telangana,2018,1,Mahbubnagar,TG13,"96,136","14,15,74,549","1,473","45,445",0
Telangana,2018,1,Mancherial,TG14,"1,27,357","18,46,52,405","1,450","59,684",0
Telangana,2018,1,Medak,TG15,"74,192","8,90,96,759","1,201","29,694",0
Telangana,2018,1,Medchal Malkajgiri,TG16,"11,31,530","1,91,28,37,341","1,690","5,49,429",0
Telangana,2018,1,Mulugu,TG17,"26,582","4,25,38,489","1,600","10,977",0
Telangana,2018,1,Nagarkurnool,TG18,"83,679","15,76,64,184","1,884","32,570",0
Telangana,2018,1,Nalgonda,TG19,"2,04,137","26,78,25,161","1,312","84,459",0
Telangana,2018,1,Narayanpet,TG20,"38,804","4,22,64,264","1,089","13,945",0
Telangana,2018,1,Nirmal,TG21,"63,804","8,62,49,120","1,352","25,519",0
Telangana,2018,1,Nizamabad,TG22,"1,40,986","17,41,81,538","1,235","77,516",0
Telangana,2018,1,Peddapalle,TG23,"1,69,274","19,96,10,181","1,179","67,418",0
Telangana,2018,1,Rajanna Sircilla,TG24,"68,682","9,61,36,732","1,400","32,891",0
Telangana,2018,1,Rangareddy,TG25,"14,59,174","2,67,73,04,926","1,835","6,35,175",0
Telangana,2018,1,Sangareddy,TG26,"2,91,510","39,92,36,233","1,370","1,42,807",0
Telangana,2018,1,Siddipet,TG27,"1,44,429","19,79,65,018","1,371","61,535",0
Telangana,2018,1,Suryapet,TG28,"1,22,502","14,99,66,934","1,224","52,906",0
Telangana,2018,1,Vikarabad,TG29,"70,973","9,76,15,071","1,375","29,719",0
Telangana,2018,1,Wanaparthy,TG30,"53,432","9,33,31,113","1,747","20,785",0
Telangana,2018,1,Warangal Rural,TG31,"1,04,385","7,92,04,913",759,"36,701",0
Telangana,2018,1,Warangal Urban,TG32,"3,49,165","42,10,74,107","1,206","1,33,840",0
Telangana,2018,1,Yadadri Bhuvanagiri,TG33,"1,19,620","15,42,66,152","1,290","45,267",0
Tripura,2018,1,Dhalai,TR01,"9,195","88,12,172",958,"3,448",0
Tripura,2018,1,Gomati,TR02,"12,229","1,12,77,259",922,"4,509",0
Tripura,2018,1,Khowai,TR03,"8,838","72,42,490",819,"3,017",0
Tripura,2018,1,North Tripura,TR04,"9,915","1,08,69,175","1,096","4,432",0
Tripura,2018,1,Sepahijala,TR05,"14,107","1,32,24,753",937,"4,664",0
Tripura,2018,1,South Tripura,TR06,"18,338","1,37,85,118",752,"5,361",0
Tripura,2018,1,Unakoti,TR07,"5,068","43,49,606",858,"2,484",0
Tripura,2018,1,West Tripura,TR08,"70,467","6,84,18,341",971,"27,242",0
Uttarakhand,2018,1,Almora,UK01,"26,086","2,49,66,387",957,"11,367",0
Uttarakhand,2018,1,Bageshwar,UK02,"10,580","86,45,020",817,"4,231",0
Uttarakhand,2018,1,Chamoli,UK03,"15,936","1,99,31,685","1,251","7,493",0
Uttarakhand,2018,1,Champawat,UK04,"11,037","98,18,455",890,"5,442",0
Uttarakhand,2018,1,Dehradun,UK05,"3,29,459","51,28,88,194","1,557","1,47,998",0
Uttarakhand,2018,1,Haridwar,UK06,"3,08,588","39,46,04,405","1,279","1,04,823",0
Uttarakhand,2018,1,Nainital,UK07,"1,06,949","11,66,98,562","1,091","49,083",0
Uttarakhand,2018,1,Pauri Garhwal,UK08,"49,412","5,86,26,308","1,186","20,425",0
Uttarakhand,2018,1,Pithoragarh,UK09,"18,593","1,91,29,400","1,029","8,836",0
Uttarakhand,2018,1,Rudraprayag,UK10,"10,107","1,25,17,358","1,238","4,263",0
Uttarakhand,2018,1,Tehri Garhwal,UK11,"28,306","4,12,80,389","1,458","13,030",0
Uttarakhand,2018,1,Udham Singh Nagar,UK12,"3,19,290","27,35,40,318",857,"1,00,236",0
Uttarakhand,2018,1,Uttarkashi,UK13,"12,342","1,58,98,878","1,288","5,816",0
Uttar Pradesh,2018,1,Agra,UP01,"2,98,049","35,34,77,588","1,186","1,48,387",0
Uttar Pradesh,2018,1,Aligarh,UP02,"1,94,881","22,70,55,507","1,165","84,375",0
Uttar Pradesh,2018,1,Ambedkar Nagar,UP04,"1,16,711","8,88,18,565",761,"36,853",0
Uttar Pradesh,2018,1,Amethi,UP05,"96,408","8,65,34,577",898,"28,949",0
Uttar Pradesh,2018,1,Amroha,UP06,"72,415","7,65,24,251","1,057","27,497",0
Uttar Pradesh,2018,1,Auraiya,UP07,"65,304","6,19,21,893",948,"21,705",0
Uttar Pradesh,2018,1,Ayodhya,UP26,"1,39,126","11,91,04,433",856,"51,410",0
Uttar Pradesh,2018,1,Azamgarh,UP08,"1,95,700","20,26,33,767","1,035","68,976",0
Uttar Pradesh,2018,1,Baghpat,UP09,"57,482","8,20,62,656","1,428","27,155",0
Uttar Pradesh,2018,1,Bahraich,UP10,"74,017","6,67,21,477",901,"23,003",0
Uttar Pradesh,2018,1,Ballia,UP11,"1,53,366","17,95,89,108","1,171","59,431",0
Uttar Pradesh,2018,1,Balrampur,UP12,"32,628","4,66,01,180","1,428","13,778",0
Uttar Pradesh,2018,1,Banda,UP13,"50,935","4,41,50,240",867,"18,718",0
Uttar Pradesh,2018,1,Bara Banki,UP14,"1,11,809","8,63,97,546",773,"36,150",0
Uttar Pradesh,2018,1,Bareilly,UP15,"3,06,561","27,24,20,020",889,"1,12,369",0
Uttar Pradesh,2018,1,Basti,UP16,"1,04,079","9,73,89,540",936,"38,586",0
Uttar Pradesh,2018,1,Bhadohi,UP17,"83,213","7,32,57,505",880,"29,109",0
Uttar Pradesh,2018,1,Bijnor,UP18,"1,42,321","16,59,47,956","1,166","52,039",0
Uttar Pradesh,2018,1,Budaun,UP19,"63,143","5,05,81,912",801,"28,217",0
Uttar Pradesh,2018,1,Bulandshahr,UP20,"1,40,393","16,04,67,571","1,143","60,527",0
Uttar Pradesh,2018,1,Chandauli,UP21,"1,00,454","8,87,29,335",883,"38,971",0
Uttar Pradesh,2018,1,Chitrakoot,UP22,"28,904","2,58,20,944",893,"10,679",0
Uttar Pradesh,2018,1,Deoria,UP23,"1,74,133","18,93,09,639","1,087","61,062",0
Uttar Pradesh,2018,1,Etah,UP24,"41,571","4,67,49,491","1,125","19,926",0
Uttar Pradesh,2018,1,Etawah,UP25,"67,994","7,14,10,064","1,050","28,534",0
Uttar Pradesh,2018,1,Farrukhabad,UP27,"65,940","5,71,99,649",867,"26,440",0
Uttar Pradesh,2018,1,Fatehpur,UP28,"74,858","6,39,61,334",854,"26,460",0
Uttar Pradesh,2018,1,Firozabad,UP29,"74,687","8,04,97,170","1,078","40,297",0
Uttar Pradesh,2018,1,Gautam Buddha Nagar,UP30,"13,87,567","2,06,57,04,007","1,489","4,48,768",0
Uttar Pradesh,2018,1,Ghaziabad,UP31,"7,51,503","1,14,65,04,201","1,526","3,29,683",0
Uttar Pradesh,2018,1,Ghazipur,UP32,"1,83,645","18,83,08,914","1,025","64,317",0
Uttar Pradesh,2018,1,Gonda,UP33,"1,01,085","10,68,26,667","1,057","34,648",0
Uttar Pradesh,2018,1,Gorakhpur,UP34,"3,24,943","37,79,54,040","1,163","1,32,769",0
Uttar Pradesh,2018,1,Hamirpur,UP35,"60,464","3,40,57,724",563,"16,985",0
Uttar Pradesh,2018,1,Hapur,UP36,"87,259","10,83,54,119","1,242","34,731",0
Uttar Pradesh,2018,1,Hardoi,UP37,"97,252","7,78,97,803",801,"33,813",0
Uttar Pradesh,2018,1,Hathras,UP38,"51,845","5,11,52,502",987,"24,848",0
Uttar Pradesh,2018,1,Jalaun,UP39,"90,820","6,34,96,878",699,"32,085",0
Uttar Pradesh,2018,1,Jaunpur,UP40,"2,36,534","21,96,20,789",928,"78,930",0
Uttar Pradesh,2018,1,Jhansi,UP41,"1,87,592","18,74,18,140",999,"74,623",0
Uttar Pradesh,2018,1,Kannauj,UP42,"61,395","5,53,71,938",902,"19,583",0
Uttar Pradesh,2018,1,Kanpur Dehat,UP43,"51,507","4,37,32,800",849,"18,293",0
Uttar Pradesh,2018,1,Kanpur Nagar,UP44,"4,93,390","55,02,98,920","1,115","2,08,389",0
Uttar Pradesh,2018,1,Kasganj,UP45,"40,039","3,62,39,335",905,"15,670",0
Uttar Pradesh,2018,1,Kaushambi,UP46,"37,326","2,86,67,777",768,"12,102",0
Uttar Pradesh,2018,1,Kheri,UP48,"1,76,154","11,09,18,009",630,"51,685",0
Uttar Pradesh,2018,1,Kushinagar,UP47,"2,16,583","22,03,48,476","1,017","60,631",0
Uttar Pradesh,2018,1,Lalitpur,UP49,"56,296","4,42,87,534",787,"20,957",0
Uttar Pradesh,2018,1,Lucknow,UP50,"9,49,749","1,27,18,48,634","1,339","3,80,070",0
Uttar Pradesh,2018,1,Maharajganj,UP51,"1,05,577","12,00,97,062","1,138","33,481",0
Uttar Pradesh,2018,1,Mahoba,UP52,"36,881","3,01,13,590",817,"12,930",0
Uttar Pradesh,2018,1,Mainpuri,UP53,"66,092","4,86,45,519",736,"25,568",0
Uttar Pradesh,2018,1,Mathura,UP54,"1,61,451","19,05,49,339","1,180","70,100",0
Uttar Pradesh,2018,1,Mau,UP55,"99,946","8,74,73,873",875,"36,792",0
Uttar Pradesh,2018,1,Meerut,UP56,"2,67,015","34,57,44,810","1,295","1,23,619",0
Uttar Pradesh,2018,1,Mirzapur,UP57,"1,10,239","9,04,90,891",821,"39,327",0
Uttar Pradesh,2018,1,Moradabad,UP58,"1,44,223","21,41,40,868","1,485","57,057",0
Uttar Pradesh,2018,1,Muzaffarnagar,UP59,"1,41,166","17,46,88,165","1,237","56,136",0
Uttar Pradesh,2018,1,Pilibhit,UP60,"83,803","5,97,44,411",713,"28,407",0
Uttar Pradesh,2018,1,Pratapgarh,UP61,"1,18,509","9,67,08,178",816,"41,557",0
Uttar Pradesh,2018,1,Prayagraj,UP03,"6,28,453","65,29,88,000","1,039","2,20,198",0
Uttar Pradesh,2018,1,Rae Bareli,UP62,"91,518","8,32,09,946",909,"34,388",0
Uttar Pradesh,2018,1,Rampur,UP63,"89,298","6,78,96,659",760,"30,312",0
Uttar Pradesh,2018,1,Saharanpur,UP64,"2,01,611","19,02,42,511",944,"73,819",0
Uttar Pradesh,2018,1,Sambhal,UP65,"53,722","6,19,75,314","1,154","22,039",0
Uttar Pradesh,2018,1,Sant Kabeer Nagar,UP66,"57,222","5,91,26,397","1,033","19,906",0
Uttar Pradesh,2018,1,Shahjahanpur,UP67,"1,06,997","8,08,44,329",756,"39,155",0
Uttar Pradesh,2018,1,Shamli,UP68,"50,512","6,29,56,283","1,246","23,247",0
Uttar Pradesh,2018,1,Shravasti,UP69,"17,420","1,77,70,174","1,020","5,380",0
Uttar Pradesh,2018,1,Siddharthnagar,UP70,"76,809","9,59,34,878","1,249","24,858",0
Uttar Pradesh,2018,1,Sitapur,UP71,"1,50,536","9,02,93,233",600,"39,869",0
Uttar Pradesh,2018,1,Sonbhadra,UP72,"1,33,602","14,57,96,021","1,091","44,097",0
Uttar Pradesh,2018,1,Sultanpur,UP73,"1,18,235","10,92,03,365",924,"38,698",0
Uttar Pradesh,2018,1,Unnao,UP74,"83,600","7,40,63,356",886,"33,339",0
Uttar Pradesh,2018,1,Varanasi,UP75,"5,73,338","53,49,29,627",933,"2,06,788",0
West Bengal,2018,1,Alipurduar,WB01,"71,585","6,58,16,753",919,"22,238",0
West Bengal,2018,1,Bankura,WB02,"3,78,312","15,93,67,697",421,"1,10,008",0
West Bengal,2018,1,Birbhum,WB03,"21,25,816","2,52,04,86,412","1,186","94,598",0
West Bengal,2018,1,Dakshin Dinajpur,WB05,"2,24,063","6,96,36,117",311,"36,948",0
West Bengal,2018,1,Darjiling,WB06,"1,01,473","14,49,29,153","1,428","51,832",0
West Bengal,2018,1,Hooghly,WB07,"3,80,589","29,97,41,600",788,"1,48,033",0
West Bengal,2018,1,Howrah,WB08,"3,46,838","35,04,24,697","1,010","1,36,589",0
West Bengal,2018,1,Jalpaiguri,WB09,"1,20,349","9,62,52,643",800,"31,035",0
West Bengal,2018,1,Jhargram,WB10,"66,167","3,33,16,470",504,"18,243",0
West Bengal,2018,1,Kalimpong,WB11,"4,972","77,06,386","1,550","3,090",0
West Bengal,2018,1,Koch Bihar,WB04,"1,55,388","8,83,20,339",568,"41,690",0
West Bengal,2018,1,Kolkata,WB12,"20,43,129","2,75,33,47,660","1,348","3,06,503",0
West Bengal,2018,1,Maldah,WB13,"4,91,756","28,36,24,702",577,"99,061",0
West Bengal,2018,1,Murshidabad,WB14,"8,33,479","42,10,68,896",505,"1,87,824",0
West Bengal,2018,1,Nadia,WB15,"5,49,427","30,78,40,168",560,"1,36,396",0
West Bengal,2018,1,North Twenty Four Parganas,WB16,"12,35,602","1,28,29,78,629","1,038","3,96,980",0
West Bengal,2018,1,Paschim Bardhaman,WB17,"3,50,033","29,89,47,241",854,"1,39,310",0
West Bengal,2018,1,Paschim Medinipur,WB18,"4,19,331","28,64,83,485",683,"1,27,203",0
West Bengal,2018,1,Purba Bardhaman,WB19,"3,96,998","21,23,56,024",535,"1,19,528",0
West Bengal,2018,1,Purba Medinipur,WB20,"5,16,243","38,05,34,346",737,"1,31,380",0
West Bengal,2018,1,Purulia,WB21,"2,34,356","8,69,34,375",371,"73,427",0
West Bengal,2018,1,South Twenty Four Parganas,WB22,"4,21,793","34,92,06,351",828,"1,42,473",0
West Bengal,2018,1,Uttar Dinajpur,WB23,"2,42,526","12,66,58,410",522,"50,400",0
